상가업소번호,상권업종대분류코드,상권업종중분류코드,상권업종소분류코드,표준산업분류코드,시도코드,시군구코드,행정동코드,법정동코드,대지구분코드
MA0101202410A0327363,511103218037,I212,I21201,,51,51110,51110640,5111011200,1
MA0101202410A0931956,511103218037,I201,I20104,,51,51110,51110640,5111011200,1
MA0101202410A0327549,511104454313,I203,I20303,,51,51110,51110705,5111011800,1
MA0101202410A0416451,511104454460,I203,I20303,,51,51110,51110705,5111011800,1
MA0101202410A0327238,511104454461,I203,I20303,,51,51110,51110705,5111011800,1
MA0101202410A0715293,511104454315,I203,I20303,,51,51110,51110705,5111011900,1
MA0101202410A0327131,511103013022,I203,I20303,,51,51110,51110705,5111011900,1
MA0101202410A0696225,511104454187,I201,I20112,,51,51110,51110705,5111011900,1
MA0101202410A0992809,511104454807,I212,I21201,,51,51110,51110611,5111012000,1
MA0101202410A0326371,511104454837,I205,I20501,,51,51110,51110660,5111012300,1
MA0101202410A1010386,511103218031,I201,I20105,,51,51110,51110650,5111012400,1
MA0101202410A0391895,511103013022,I203,I20303,,51,51110,51110705,5111012800,1
MA0101202410A0327370,511103218026,R103,R10312,,51,51110,51110250,5111025024,1
MA0101202410A1020612,511104454024,I201,I20113,,51,51110,51110390,5111039021,1
MA0101202410A0326268,511104454310,I201,I20108,,51,51110,51110390,5111039025,1
MA0101202410A0963890,511303219054,I201,I20110,,51,51130,51130530,5113010500,1
MA0101202410A1010372,511303219013,R103,R10312,,51,51130,51130541,5113010600,1
MA0101202410A0535022,511303219013,I211,I21103,,51,51130,51130550,5113010700,1
MA0101202410A0869578,511303219010,P106,P10601,,51,51130,51130560,5113010800,1
MA0101202410A0337929,511304457243,I211,I21103,,51,51130,51130590,5113011000,1
MA0101202410A0644010,511302219001,I210,I21007,,51,51130,51130590,5113011000,1
MA0101202410A0232170,511303219038,I212,I21201,,51,51130,51130600,5113011100,1
MA0101202410A0790643,511303219037,R103,R10313,,51,51130,51130250,5113025022,1
MA0101202410A0775290,511304457647,I210,I21001,,51,51130,51130380,5113038021,1
MA0101202410A0961065,511503000145,I211,I21103,,51,51150,51150510,5115010100,1
MA0101202410A0345585,511502220001,I207,I20701,,51,51150,51150510,5115010100,1
MA0101202410A0345635,511504460588,I212,I21201,,51,51150,51150560,5115011000,1
MA0101202410A0678018,511504460018,I211,I21103,,51,51150,51150550,5115011000,1
MA0101202410A0345987,511504460554,I201,I20104,,51,51150,51150571,5115011100,1
MA0101202410A0870448,511504460998,R103,R10312,,51,51150,51150572,5115011100,1
MA0101202410A0878812,511504460952,I201,I20101,,51,51150,51150580,5115011200,1
MA0101202410A0264936,511503220043,I201,I20112,,51,51150,51150580,5115011300,1
MA0101202412A0001355,511504460144,I201,I20111,,51,51150,51150590,5115011500,1
MA0101202410A0717183,511503220054,I203,I20301,,51,51150,51150600,5115011700,1
MA0101202410A0831975,511503220016,I211,I21103,,51,51150,51150645,5115012500,1
MA0101202410A0805574,511504460548,I212,I21201,,51,51150,51150645,5115012500,1
MA0101202410A0998313,511503220028,I201,I20108,,51,51150,51150645,5115012500,1
MA0101202410A0771429,511504460609,I201,I20104,,51,51150,51150665,5115013600,1
MA0101202410A0522657,511703221044,R103,R10312,,51,51170,51170510,5117010100,1
MA0101202410A0804646,511703221044,I207,I20701,,51,51170,51170510,5117010100,1
MA0101202410A0233168,511704463197,I201,I20108,,51,51170,51170530,5117010900,1
MA0101202410A0085884,511903222005,I201,I20110,,51,51190,51190515,5119010100,1
MA0101202410A0710579,511903222005,I201,I20110,,51,51190,51190515,5119010100,1
MA0101202410A0478533,511903000156,R103,R10312,,51,51190,51190540,5119010100,1
MA0101202410A0331546,511903222010,I201,I20108,,51,51190,51190535,5119010100,1
MA0101202410A0822399,511904466019,I201,I20108,,51,51190,51190525,5119010100,1
MA0101202410A0391818,511904466031,R103,R10313,,51,51190,51190540,5119010100,1
MA0101202410A0894777,511904466192,R103,R10313,,51,51190,51190540,5119010100,1
MA0101202410A0048781,511903222014,I212,I21201,,51,51190,51190605,5119010200,1
MA0101202410A0331979,511903222014,I207,I20701,,51,51190,51190595,5119010200,1
MA0101202410A0993666,511904466075,R103,R10313,,51,51190,51190595,5119010200,1
MA0101202410A0332329,511904466075,R103,R10313,,51,51190,51190595,5119010200,1
MA0101202410A0349386,512103223024,R103,R10312,,51,51210,51210510,5121010100,1
MA0101202410A0349415,512103223024,R103,R10312,,51,51210,51210510,5121010100,1
MA0101202410A0349498,512104469270,I201,I20105,,51,51210,51210560,5121010500,1
MA0101202308A0017425,512103223018,I201,I20112,,51,51210,51210570,5121010600,1
MA0101202410A0348755,512103223027,I201,I20105,,51,51210,51210590,5121010900,1
MA0101202410A0852664,512104851571,I201,I20105,,51,51210,51210600,5121011000,1
MA0101202410A0331827,512303224040,R103,R10313,,51,51230,51230530,5123010600,1
MA0101202410A0332142,512303224004,I201,I20105,,51,51230,51230570,5123012000,1
MA0101202410A0907699,512303224040,R103,R10312,,51,51230,51230570,5123012000,1
MA0101202410A0229415,512304472317,P106,P10601,,51,51230,51230570,5123012000,1
MA0103202309C0012928,512303224022,P106,P10601,,51,51230,51230510,5123012000,1
MA0101202410A0332021,512303224031,I201,I20105,,51,51230,51230540,5123012500,1
MA0101202410A0398509,512303224026,I201,I20111,,51,51230,51230253,5123025322,1
MA0101202410A0332475,512303224019,I201,I20112,,51,51230,51230310,5123031034,1
MA0101202410A0622399,512303224038,I201,I20108,,51,51230,51230320,5123032034,1
MA0101202410A0336002,517204475240,I201,I20108,,51,51720,51720250,5172025029,1
MA0101202410A0419366,517203000146,I211,I21103,,51,51720,51720250,5172025030,1
MA0101202410A0231148,517303226064,I201,I20108,,51,51730,51730250,5173025021,1
MA0101202410A0596934,517303226020,I201,I20108,,51,51730,51730250,5173025022,1
MA0101202410A0568638,517303226086,I201,I20108,,51,51730,51730310,5173031021,1
MA0101202410A0048792,517303226041,I210,I21001,,51,51730,51730320,5173032021,1
MA0101202410A0245433,517304478188,G205,G20508,,51,51730,51730330,5173033022,1
MA0101202410A0645001,517504481092,I211,I21103,,51,51750,51750360,5175036022,1
MA0101202410A0412612,517604484034,I207,I20701,,51,51760,51760250,5176025023,1
MA0101202410A0337979,517604484169,I201,I20110,,51,51760,51760340,5176034028,1
MA0101202410A0277812,517704487304,R103,R10312,,51,51770,51770250,5177025025,1
MA0101202410A0614850,517703219074,R103,R10312,,51,51770,51770370,5177037021,1
MA0101202410A0755899,517803230012,I201,I20108,,51,51780,51780256,5178025624,1
MA0101202410A0375554,517803230001,R103,R10312,,51,51780,51780256,5178025624,2
MA0101202410A0405176,517803230034,I207,I20701,,51,51780,51780256,5178025625,1
MA0101202410A0943250,517803230030,I201,I20107,,51,51780,51780259,5178025921,1
MA0101202410A0859308,517804490030,I202,I20201,,51,51780,51780259,5178025921,1
MA0101202410A0775253,517904493013,I201,I20105,,51,51790,51790320,5179032028,1
MA0101202410A0527368,518003232021,P106,P10601,,51,51800,51800250,5180025021,1
MA0101202410A0336015,518104499044,R103,R10312,,51,51810,51810330,5181033021,1
MA0101202410A0846049,518204502010,I201,I20105,,51,51820,51820250,5182025022,1
MA0101202410A0190230,518203234003,I201,I20105,,51,51820,51820253,5182025321,1
MA0101202410A0348783,518204502343,I201,I20112,,51,51820,51820253,5182025321,1
MA0101202410A0833823,518204502093,I201,I20112,,51,51820,51820310,5182031021,1
MA0101202410A0349496,518204502479,I201,I20108,,51,51820,51820320,5182032030,1
MA0101202410A0419279,518204502471,I201,I20112,,51,51820,51820330,5182033023,1
MA0101202410A0675449,518204502471,I201,I20112,,51,51820,51820330,5182033023,1
MA0101202410A0349281,518304505099,I201,I20105,,51,51830,51830250,5183025022,1
MA0101202410A0349651,518304505014,R103,R10312,,51,51830,51830250,5183025028,1
MA0101202410A0755889,518303013017,I210,I21001,,51,51830,51830310,5183031035,1
MA0101202410A0227335,518304505070,I201,I20106,,51,51830,51830330,5183033033,1
MA0101202410A0508602,518304505070,I201,I20106,,51,51830,51830330,5183033033,1
MA0101202410A0348754,518304505163,I201,I20105,,51,51830,51830340,5183034021,1
MA0101202410A0221828,518304505069,R103,R10313,,51,51830,51830340,5183034027,1
MA0101202410A0349038,518304505137,I201,I20111,,51,51830,51830340,5183034038,1
MA0101202412A0047611,518303235015,I201,I20108,,51,51830,51830350,5183035029,1
MA0101202311A0048335,511103218029,G205,G20509,C10301,51,51110,51110660,5111012300,1
MA010120220804538684,511104454404,G205,G20508,C10309,51,51110,51110600,5111012000,1
MA010120220804525474,511104454308,G205,G20508,C10309,51,51110,51110390,5111039024,1
MA010120220808103663,511303219043,G205,G20508,C10309,51,51130,51130515,5113010900,1
MA010120220808838912,511303219022,G205,G20508,C10309,51,51130,51130660,5113011000,1
MA010120220803378426,511303219059,G205,G20508,C10309,51,51130,51130620,5113011200,1
MA010120220804650196,511304457223,G205,G20508,C10309,51,51130,51130250,5113025021,1
MA010120220804649929,511304457223,G205,G20508,C10309,51,51130,51130250,5113025021,1
MA010120220804733093,511503220057,G205,G20508,C10309,51,51150,51150571,5115011100,1
MA010120220804561760,512303224007,G205,G20508,C10309,51,51230,51230250,5123025030,1
MA010120220804653789,517304478187,G205,G20508,C10309,51,51730,51730330,5173033022,1
MA010120220804675227,517504481165,G205,G20508,C10309,51,51750,51750250,5175025026,1
MA010120220810006663,517703220058,G205,G20508,C10309,51,51770,51770350,5177035025,1
MA010120220801671290,517804490282,G205,G20508,C10309,51,51780,51780259,5178025921,1
MA010120220804833195,517803230008,G205,G20508,C10309,51,51780,51780320,5178032021,1
MA0101202212A0019313,517903231011,G205,G20508,C10309,51,51790,51790250,5179025022,1
MA010120220804543905,518004496063,G205,G20508,C10309,51,51800,51800250,5180025021,1
MA010120220804506464,518003232021,G205,G20508,C10309,51,51800,51800250,5180025021,1
MA010120220804590502,518104499136,G205,G20508,C10309,51,51810,51810320,5181032021,1
MA010120220804745839,518303013017,G205,G20508,C10309,51,51830,51830310,5183031035,1
MA010120220804630433,511304457502,I210,I21002,C10402,51,51130,51130660,5113011000,1
MA010120220807030539,511303219038,I210,I21002,C10402,51,51130,51130600,5113011100,1
MA010120220804641345,511303219072,I210,I21002,C10402,51,51130,51130350,5113035021,1
MA010120220804574163,511704463224,I210,I21002,C10402,51,51170,51170510,5117010100,1
MA010120220804590496,517203225053,I210,I21002,C10402,51,51720,51720250,5172025023,1
MA010120220809590782,517203225051,I210,I21002,C10402,51,51720,51720370,5172037022,1
MA010120220804556850,512303224004,I210,I21002,C10611,51,51230,51230570,5123010500,1
MA0101202308A0082517,517204475644,I210,I21002,C10611,51,51720,51720250,5172025022,1
MA010120220804525907,511103218010,I210,I21002,C10612,51,51110,51110600,5111012000,1
MA0101202406A0180983,511103013022,I210,I21002,C10612,51,51110,51110660,5111012300,1
MA0101202411A0120026,511103013022,I210,I21002,C10612,51,51110,51110390,5111039025,1
MA0101202410A0328811,511103218044,I210,I21002,C10612,51,51110,51110400,5111040025,1
MA0101202406A0121011,511303350530,I210,I21002,C10612,51,51130,51130330,5113033023,1
MA0101202306A0085686,511303219064,I210,I21002,C10612,51,51130,51130330,5113033025,1
MA010120220812894793,511304457539,I210,I21002,C10612,51,51130,51130330,5113033025,1
MA0101202210A0094374,511504460909,I210,I21002,C10612,51,51150,51150520,5115010800,1
MA010120220804566866,511704463246,I210,I21002,C10612,51,51170,51170530,5117010600,1
MA0101202406A0012654,512304472316,I210,I21002,C10612,51,51230,51230510,5123012000,1
MA010120220803020685,517204475394,I210,I21002,C10612,51,51720,51720310,5172031021,1
MA0101202406A0462329,517304478400,I210,I21002,C10612,51,51730,51730350,5173035024,1
MA0101202502A0095192,517604484043,I210,I21002,C10612,51,51760,51760350,5176035027,1
MA0101202310A0022809,517703229020,I210,I21002,C10612,51,51770,51770256,5177025622,1
MA0101202501A0047113,517904493120,I210,I21002,C10612,51,51790,51790330,5179033025,1
MA0101202406A0475975,518103233003,I210,I21002,C10612,51,51810,51810330,5181033021,1
MA010120220804505902,511103218033,I210,I21002,C10711,51,51110,51110580,5111010400,1
MA0101202412A0077912,511104454215,I210,I21002,C10711,51,51110,51110545,5111010500,1
MA010120220804512954,511104454622,I210,I21002,C10711,51,51110,51110545,5111010600,1
MA010120220804505463,511104454630,I210,I21002,C10711,51,51110,51110545,5111010900,1
MA010120220804510517,511104454215,I210,I21002,C10711,51,51110,51110545,5111010900,1
MA010120220804513651,511104454169,I210,I21002,C10711,51,51110,51110530,5111011000,1
MA010120220802937275,511104454169,I210,I21002,C10711,51,51110,51110530,5111011000,1
MA010120220804534610,511104454169,I210,I21002,C10711,51,51110,51110530,5111011000,1
MA010120220804525472,511104454169,I210,I21002,C10711,51,51110,51110530,5111011000,1
MA010120220804512770,511104454169,I210,I21002,C10711,51,51110,51110530,5111011000,1
MA010120220813718461,511104454169,I210,I21002,C10711,51,51110,51110530,5111011000,1
MA010120220804517389,511104454666,I210,I21002,C10711,51,51110,51110530,5111011000,1
MA010120220804525683,511104454666,I210,I21002,C10711,51,51110,51110530,5111011000,1
MA010120220804540023,511104454666,I210,I21002,C10711,51,51110,51110530,5111011000,1
MA010120220804513688,511104454800,I210,I21002,C10711,51,51110,51110630,5111011200,1
MA010120220804525631,511104454777,I210,I21002,C10711,51,51110,51110620,5111011200,1
MA010120220804506503,511104454221,I210,I21002,C10711,51,51110,51110620,5111011200,1
MA010120220804506408,511103218020,I210,I21002,C10711,51,51110,51110640,5111011200,1
MA010120220804522634,511104454422,I210,I21002,C10711,51,51110,51110570,5111011300,1
MA010120220804503479,511103218018,I210,I21002,C10711,51,51110,51110580,5111011400,1
MA0101202305A0059211,511103218018,I210,I21002,C10711,51,51110,51110580,5111011400,1
MA010120220804538879,511104454535,I210,I21002,C10711,51,51110,51110705,5111011800,1
MA010120220804513454,511103218039,I210,I21002,C10711,51,51110,51110705,5111011800,1
MA010120220805451127,511103013022,I210,I21002,C10711,51,51110,51110705,5111011800,1
MA010120220804854898,511104454461,I210,I21002,C10711,51,51110,51110705,5111011800,1
MA010120220802268261,511103218049,I210,I21002,C10711,51,51110,51110610,5111012000,1
MA010120220814264391,511104454814,I210,I21002,C10711,51,51110,51110611,5111012000,1
MA010120220804527961,511104454815,I210,I21002,C10711,51,51110,51110600,5111012000,1
MA010120220804510764,511104454678,I210,I21002,C10711,51,51110,51110610,5111012000,1
MA010120220806358221,511104454678,I210,I21002,C10711,51,51110,51110610,5111012000,1
MA010120220803418869,511104454678,I210,I21002,C10711,51,51110,51110610,5111012000,1
MA010120220804538263,511103218037,I210,I21002,C10711,51,51110,51110600,5111012000,1
MA010120220804521130,511103013022,I210,I21002,C10711,51,51110,51110675,5111012100,1
MA010120220808226726,511104454496,I210,I21002,C10711,51,51110,51110675,5111012100,1
MA0101202306A0043225,511104454247,I210,I21002,C10711,51,51110,51110675,5111012100,1
MA010120220812993232,511104454066,I210,I21002,C10711,51,51110,51110520,5111012200,1
MA010120220800223155,511103218029,I210,I21002,C10711,51,51110,51110660,5111012300,1
MA010120220804503000,511103218029,I210,I21002,C10711,51,51110,51110660,5111012300,1
MA010120220805308586,511103218036,I210,I21002,C10711,51,51110,51110660,5111012300,1
MA0101202308A0004017,511104454848,I210,I21002,C10711,51,51110,51110660,5111012300,1
MA010120220809714386,511104454711,I210,I21002,C10711,51,51110,51110660,5111012300,1
MA010120220804527929,511103218042,I210,I21002,C10711,51,51110,51110660,5111012300,1
MA010120220812440669,511103218035,I210,I21002,C10711,51,51110,51110660,5111012300,1
MA010120220803275730,511104454517,I210,I21002,C10711,51,51110,51110650,5111012400,1
MA010120220804505487,511103218049,I210,I21002,C10711,51,51110,51110650,5111012400,1
MA010120220811473276,511103218046,I210,I21002,C10711,51,51110,51110650,5111012400,1
MA010120220808309200,511104454810,I210,I21002,C10711,51,51110,51110650,5111012400,1
MA010120220804517324,511103218031,I210,I21002,C10711,51,51110,51110650,5111012400,1
MA010120220813004828,511103218042,I210,I21002,C10711,51,51110,51110650,5111012400,1
MA010120220804507368,511104454583,I210,I21002,C10711,51,51110,51110250,5111025021,1
MA010120220805211116,511104454580,I210,I21002,C10711,51,51110,51110250,5111025021,1
MA010120220804506481,511103218026,I210,I21002,C10711,51,51110,51110250,5111025024,1
MA010120220813511376,511103218011,I210,I21002,C10711,51,51110,51110350,5111035022,1
MA010120220804518417,511104454020,I210,I21002,C10711,51,51110,51110390,5111039021,1
MA010120220802203834,511103218003,I210,I21002,C10711,51,51110,51110390,5111039021,1
MA010120220804577069,511104454747,I210,I21002,C10711,51,51110,51110390,5111039025,1
MA010120220809576814,511103218006,I210,I21002,C10711,51,51110,51110400,5111040022,1
MA010120220804501768,511103350180,I210,I21002,C10711,51,51110,51110400,5111040025,1
MA010120220804635296,511303219056,I210,I21002,C10711,51,51130,51130515,5113010100,1
MA010120220804619233,511304457563,I210,I21002,C10711,51,51130,51130515,5113010100,1
MA010120220804633516,511304457563,I210,I21002,C10711,51,51130,51130515,5113010100,1
MA010120220804618033,511304457563,I210,I21002,C10711,51,51130,51130515,5113010100,1
MA010120220804634960,511304457563,I210,I21002,C10711,51,51130,51130515,5113010100,1
MA010120220804631538,511304457563,I210,I21002,C10711,51,51130,51130515,5113010100,1
MA010120220810355242,511304457563,I210,I21002,C10711,51,51130,51130515,5113010100,1
MA010120220810194186,511304457563,I210,I21002,C10711,51,51130,51130515,5113010100,1
MA010120220806426831,511303219066,I210,I21002,C10711,51,51130,51130515,5113010100,1
MA010120220804620909,511304457618,I210,I21002,C10711,51,51130,51130515,5113010200,1
MA010120220804620372,511303219056,I210,I21002,C10711,51,51130,51130515,5113010200,1
MA010120220812109545,511303219056,I210,I21002,C10711,51,51130,51130515,5113010200,1
MA010120220813678158,511303219054,I210,I21002,C10711,51,51130,51130530,5113010500,1
MA010120220804625049,511304457193,I210,I21002,C10711,51,51130,51130530,5113010500,1
MA0101202406A0460298,511304457031,I210,I21002,C10711,51,51130,51130530,5113010500,1
MA010120220803342793,511303219054,I210,I21002,C10711,51,51130,51130541,5113010600,1
MA010120220804645857,511303219054,I210,I21002,C10711,51,51130,51130541,5113010600,1
MA010120220804627515,511303219011,I210,I21002,C10711,51,51130,51130541,5113010600,1
MA010120220804640599,511303219022,I210,I21002,C10711,51,51130,51130541,5113010600,1
MA010120220804627503,511304457102,I210,I21002,C10711,51,51130,51130542,5113010600,1
MA010120220804621176,511303219054,I210,I21002,C10711,51,51130,51130550,5113010700,1
MA010120220804627082,511304457594,I210,I21002,C10711,51,51130,51130550,5113010700,1
MA010120220804632339,511302219001,I210,I21002,C10711,51,51130,51130550,5113010700,1
MA010120220806820638,511304457697,I210,I21002,C10711,51,51130,51130550,5113010700,1
MA010120220804636506,511304457578,I210,I21002,C10711,51,51130,51130550,5113010700,1
MA010120220808258001,511304457132,I210,I21002,C10711,51,51130,51130550,5113010700,1
MA010120220812007774,511303219044,I210,I21002,C10711,51,51130,51130560,5113010800,1
MA010120220804511009,511303219022,I210,I21002,C10711,51,51130,51130560,5113010800,1
MA010120220804623412,511304457641,I210,I21002,C10711,51,51130,51130575,5113010900,1
MA010120220804620637,511303219041,I210,I21002,C10711,51,51130,51130590,5113011000,1
MA010120220804637442,511304457458,I210,I21002,C10711,51,51130,51130600,5113011100,1
MA010120220804633324,511303219059,I210,I21002,C10711,51,51130,51130610,5113011200,1
MA010120220804621487,511303219062,I210,I21002,C10711,51,51130,51130620,5113011200,1
MA010120220804620357,511304457290,I210,I21002,C10711,51,51130,51130620,5113011200,1
MA010120220813725341,511304457431,I210,I21002,C10711,51,51130,51130650,5113011400,1
MA010120220804631584,511303219035,I210,I21002,C10711,51,51130,51130660,5113011500,1
MA010120220813869646,511304457359,I210,I21002,C10711,51,51130,51130660,5113011500,1
MA010120220804650231,511303219054,I210,I21002,C10711,51,51130,51130675,5113011600,1
MA010120220809815636,511304457179,I210,I21002,C10711,51,51130,51130675,5113011600,1
MA010120220811867980,511304457437,I210,I21002,C10711,51,51130,51130675,5113011700,1
MA010120220804631217,511304457223,I210,I21002,C10711,51,51130,51130250,5113025021,1
MA010120220804625195,511304457162,I210,I21002,C10711,51,51130,51130250,5113025022,1
MA010120220802175590,511303219041,I210,I21002,C10711,51,51130,51130250,5113025026,1
MA010120220804627579,511304457613,I210,I21002,C10711,51,51130,51130250,5113025026,1
MA010120220804618331,511303219005,I210,I21002,C10711,51,51130,51130250,5113025026,1
MA0101202502A0060002,511304457367,I210,I21002,C10711,51,51130,51130330,5113033021,1
MA010120220803298575,511303350530,I210,I21002,C10711,51,51130,51130330,5113033023,1
MA010120220806263061,511304457262,I210,I21002,C10711,51,51130,51130350,5113035021,1
MA010120220804699773,511504460163,I210,I21002,C10711,51,51150,51150510,5115010100,1
MA010120220804703140,511504460220,I210,I21002,C10711,51,51150,51150520,5115010600,1
MA010120220812692239,511504460837,I210,I21002,C10711,51,51150,51150520,5115010700,1
MA010120220804696644,511504460837,I210,I21002,C10711,51,51150,51150520,5115010700,1
MA010120220807485118,511504460227,I210,I21002,C10711,51,51150,51150520,5115010800,1
MA010120220804718332,511504460218,I210,I21002,C10711,51,51150,51150520,5115010800,1
MA010120220804697777,511504460912,I210,I21002,C10711,51,51150,51150520,5115010800,1
MA010120220812670294,511504460221,I210,I21002,C10711,51,51150,51150520,5115010800,1
MA010120220804709495,511504460910,I210,I21002,C10711,51,51150,51150520,5115010800,1
MA010120220804701372,511504460910,I210,I21002,C10711,51,51150,51150520,5115010800,1
MA010120220811680583,511503000145,I210,I21002,C10711,51,51150,51150540,5115010900,1
MA010120220804722558,511503220025,I210,I21002,C10711,51,51150,51150540,5115010900,1
MA010120220804712450,511504460695,I210,I21002,C10711,51,51150,51150540,5115010900,1
MA010120220804700718,511502220001,I210,I21002,C10711,51,51150,51150560,5115011000,1
MA010120220804711172,511503220032,I210,I21002,C10711,51,51150,51150550,5115011000,1
MA010120220804617427,511504461067,I210,I21002,C10711,51,51150,51150550,5115011000,1
MA010120220804705817,511503220053,I210,I21002,C10711,51,51150,51150550,5115011000,1
MA010120220808091171,511503220053,I210,I21002,C10711,51,51150,51150550,5115011000,1
MA010120220805277088,511502220001,I210,I21002,C10711,51,51150,51150550,5115011000,1
MA010120220804700708,511504460765,I210,I21002,C10711,51,51150,51150550,5115011000,1
MA010120220807373296,511504460990,I210,I21002,C10711,51,51150,51150550,5115011000,1
MA0101202210A0090590,511503220048,I210,I21002,C10711,51,51150,51150550,5115011000,1
MA010120220803301055,511503220048,I210,I21002,C10711,51,51150,51150550,5115011000,1
MA010120220808459413,511504460254,I210,I21002,C10711,51,51150,51150571,5115011100,1
MA010120220804709738,511504460114,I210,I21002,C10711,51,51150,51150571,5115011100,1
MA010120220805101092,511504460118,I210,I21002,C10711,51,51150,51150571,5115011100,1
MA010120220805465433,511503220017,I210,I21002,C10711,51,51150,51150571,5115011100,1
MA010120220800664828,511504460251,I210,I21002,C10711,51,51150,51150571,5115011100,1
MA010120220804700794,511504461002,I210,I21002,C10711,51,51150,51150571,5115011100,1
MA010120220813756284,511504460495,I210,I21002,C10711,51,51150,51150572,5115011100,1
MA010120220804714106,511503220001,I210,I21002,C10711,51,51150,51150571,5115011100,1
MA010120220805826991,511504460129,I210,I21002,C10711,51,51150,51150571,5115011100,1
MA010120220804706625,511504460953,I210,I21002,C10711,51,51150,51150580,5115011200,1
MA010120220804701309,511504460282,I210,I21002,C10711,51,51150,51150600,5115011600,1
MA010120220801081724,511503220055,I210,I21002,C10711,51,51150,51150600,5115011600,1
MA010120220804699994,511503220014,I210,I21002,C10711,51,51150,51150600,5115011600,1
MA010120220804712717,511504460196,I210,I21002,C10711,51,51150,51150600,5115011700,1
MA010120220808907398,511503220055,I210,I21002,C10711,51,51150,51150615,5115012100,1
MA010120220807079528,511504460643,I210,I21002,C10711,51,51150,51150615,5115012100,1
MA010120220804715047,511504460854,I210,I21002,C10711,51,51150,51150645,5115012500,1
MA010120220804714784,511503220016,I210,I21002,C10711,51,51150,51150645,5115012900,1
MA010120220804717930,511504460615,I210,I21002,C10711,51,51150,51150250,5115025022,1
MA010120220804698996,511504460210,I210,I21002,C10711,51,51150,51150250,5115025022,1
MA010120220812157826,511504460410,I210,I21002,C10711,51,51150,51150330,5115033022,1
MA010120220803192133,511503220022,I210,I21002,C10711,51,51150,51150370,5115037021,1
MA010120220811980795,511704463005,I210,I21002,C10711,51,51170,51170510,5117010100,1
MA010120220804561312,511703221044,I210,I21002,C10711,51,51170,51170510,5117010100,1
MA010120220804571034,511703221035,I210,I21002,C10711,51,51170,51170510,5117010200,1
MA010120220804444319,511703221034,I210,I21002,C10711,51,51170,51170530,5117010700,1
MA010120220804560674,511704463197,I210,I21002,C10711,51,51170,51170530,5117010700,1
MA010120220804559355,511704463197,I210,I21002,C10711,51,51170,51170530,5117010900,1
MA010120220804560988,511704463116,I210,I21002,C10711,51,51170,51170540,5117011000,1
MA010120220804559361,511704463116,I210,I21002,C10711,51,51170,51170540,5117011000,1
MA010120220804563122,511704463162,I210,I21002,C10711,51,51170,51170570,5117011100,1
MA010120220804703779,511704463187,I210,I21002,C10711,51,51170,51170550,5117011100,1
MA010120220804569698,511704463018,I210,I21002,C10711,51,51170,51170570,5117011100,1
MA010120220808488995,511704463162,I210,I21002,C10711,51,51170,51170570,5117011100,1
MA010120220808607275,511703221019,I210,I21002,C10711,51,51170,51170570,5117011100,1
MA010120220804575057,511704463082,I210,I21002,C10711,51,51170,51170550,5117011100,1
MA010120220809995137,511703221014,I210,I21002,C10711,51,51170,51170600,5117011300,1
MA010120220802296121,511704463176,I210,I21002,C10711,51,51170,51170600,5117011300,1
MA010120220813352952,511704463025,I210,I21002,C10711,51,51170,51170600,5117011300,1
MA010120220804557455,511703221043,I210,I21002,C10711,51,51170,51170650,5117012600,1
MA010120220804562217,511703221043,I210,I21002,C10711,51,51170,51170650,5117012600,1
MA010120220804568455,511904466131,I210,I21002,C10711,51,51190,51190515,5119010100,1
MA010120220804568838,511904466103,I210,I21002,C10711,51,51190,51190515,5119010100,1
MA010120220804779674,511904466132,I210,I21002,C10711,51,51190,51190515,5119010100,1
MA010120220800049781,511904466131,I210,I21002,C10711,51,51190,51190515,5119010100,1
MA010120220804779384,511904466131,I210,I21002,C10711,51,51190,51190515,5119010100,1
MA010120220804570207,511904466131,I210,I21002,C10711,51,51190,51190515,5119010100,1
MA010120220804779391,511904466131,I210,I21002,C10711,51,51190,51190515,5119010100,1
MA010120220812995687,511904466131,I210,I21002,C10711,51,51190,51190515,5119010100,1
MA010120220804782524,511903222007,I210,I21002,C10711,51,51190,51190540,5119010100,1
MA010120220809665175,511903222013,I210,I21002,C10711,51,51190,51190525,5119010100,1
MA010120220801084950,511904466163,I210,I21002,C10711,51,51190,51190595,5119010200,1
MA010120220804746171,512104469248,I210,I21002,C10711,51,51210,51210540,5121010300,1
MA010120220810176815,512104469221,I210,I21002,C10711,51,51210,51210540,5121010300,1
MA010120220813514017,512103223016,I210,I21002,C10711,51,51210,51210540,5121010300,1
MA010120220804748249,512104469219,I210,I21002,C10711,51,51210,51210540,5121010400,1
MA010120220805714013,512103223023,I210,I21002,C10711,51,51210,51210560,5121010600,1
MA010120220805448628,512104469042,I210,I21002,C10711,51,51210,51210570,5121010600,1
MA010120220804640433,512103223002,I210,I21002,C10711,51,51210,51210560,5121010600,1
MA0101202302A0088806,512104469075,I210,I21002,C10711,51,51210,51210570,5121010600,1
MA010120220808540352,512104469057,I210,I21002,C10711,51,51210,51210570,5121010600,1
MA010120220807100358,512103223015,I210,I21002,C10711,51,51210,51210580,5121010800,1
MA010120220804754244,512104469257,I210,I21002,C10711,51,51210,51210580,5121010800,1
MA0101202406A0020097,512103223015,I210,I21002,C10711,51,51210,51210580,5121010800,1
MA0101202412A0010696,512103223015,I210,I21002,C10711,51,51210,51210580,5121010800,1
MA010120220804759914,512103223021,I210,I21002,C10711,51,51210,51210590,5121010900,1
MA010120220804751167,512104469110,I210,I21002,C10711,51,51210,51210600,5121011100,1
MA010120220813641097,512303224017,I210,I21002,C10711,51,51230,51230570,5123012000,1
MA010120220804564835,512303224029,I210,I21002,C10711,51,51230,51230510,5123012000,1
MA010120220803222890,512303224029,I210,I21002,C10711,51,51230,51230510,5123012000,1
MA010120220804560055,512303224029,I210,I21002,C10711,51,51230,51230510,5123012000,1
MA010120220811922219,512304472318,I210,I21002,C10711,51,51230,51230510,5123012000,1
MA010120220804556523,512303224029,I210,I21002,C10711,51,51230,51230510,5123012000,1
MA010120220809986072,512303224018,I210,I21002,C10711,51,51230,51230570,5123012000,1
MA0101202502A0052370,512304472054,I210,I21002,C10711,51,51230,51230510,5123012000,1
MA010120220804559364,512304472314,I210,I21002,C10711,51,51230,51230510,5123012100,1
MA010120220804563887,512303224030,I210,I21002,C10711,51,51230,51230540,5123012500,1
MA010120220804559013,512303224031,I210,I21002,C10711,51,51230,51230540,5123012500,1
MA010120220804576524,512303224009,I210,I21002,C10711,51,51230,51230250,5123025030,1
MA010120220813888770,512303224007,I210,I21002,C10711,51,51230,51230250,5123025030,1
MA010120220804559063,512303224007,I210,I21002,C10711,51,51230,51230250,5123025030,1
MA010120220804558464,512304472291,I210,I21002,C10711,51,51230,51230250,5123025033,1
MA010120220804573415,512304472266,I210,I21002,C10711,51,51230,51230253,5123025322,1
MA010120220804573658,512304472351,I210,I21002,C10711,51,51230,51230253,5123025326,1
MA010120220804558872,512303224019,I210,I21002,C10711,51,51230,51230253,5123025326,1
MA010120220804563787,512304472020,I210,I21002,C10711,51,51230,51230310,5123031024,1
MA010120220804559475,512304472018,I210,I21002,C10711,51,51230,51230310,5123031024,1
MA010120220804595592,517203225007,I210,I21002,C10711,51,51720,51720250,5172025022,1
MA010120220807943474,517204475645,I210,I21002,C10711,51,51720,51720250,5172025022,1
MA0101202302A0029573,517204475644,I210,I21002,C10711,51,51720,51720250,5172025022,1
MA010120220804605951,517204475644,I210,I21002,C10711,51,51720,51720250,5172025022,1
MA010120220804590921,517203225055,I210,I21002,C10711,51,51720,51720250,5172025022,1
MA010120220806673665,517203225055,I210,I21002,C10711,51,51720,51720250,5172025022,1
MA010120220801550170,517203225055,I210,I21002,C10711,51,51720,51720250,5172025022,1
MA010120220804596306,517203225055,I210,I21002,C10711,51,51720,51720250,5172025022,1
MA010120220803828771,517203225001,I210,I21002,C10711,51,51720,51720250,5172025024,1
MA010120220805080025,517203225019,I210,I21002,C10711,51,51720,51720250,5172025029,1
MA010120220800870601,517203225038,I210,I21002,C10711,51,51720,51720250,5172025029,1
MA010120220804590253,517203225052,I210,I21002,C10711,51,51720,51720310,5172031021,1
MA010120220804597388,517203013017,I210,I21002,C10711,51,51720,51720310,5172031022,1
MA010120220804593691,517204475370,I210,I21002,C10711,51,51720,51720310,5172031023,1
MA010120220807784377,517204475370,I210,I21002,C10711,51,51720,51720310,5172031023,1
MA010120220804590317,517204475609,I210,I21002,C10711,51,51720,51720340,5172034021,1
MA010120220807135687,517204475609,I210,I21002,C10711,51,51720,51720340,5172034021,1
MA010120220804593982,517203226103,I210,I21002,C10711,51,51720,51720340,5172034021,1
MA010120220804593648,517203225003,I210,I21002,C10711,51,51720,51720352,5172035221,1
MA010120220804593594,517203225003,I210,I21002,C10711,51,51720,51720352,5172035221,1
MA010120220803448819,517303226029,I210,I21002,C10711,51,51730,51730250,5173025021,1
MA010120220814092047,517304478418,I210,I21002,C10711,51,51730,51730250,5173025021,1
MA010120220804631122,517303226065,I210,I21002,C10711,51,51730,51730250,5173025021,1
MA010120220804653001,517303226092,I210,I21002,C10711,51,51730,51730250,5173025021,1
MA010120220804647036,517304478411,I210,I21002,C10711,51,51730,51730250,5173025021,1
MA010120220804629132,517304478420,I210,I21002,C10711,51,51730,51730250,5173025022,1
MA010120220810260648,517303226028,I210,I21002,C10711,51,51730,51730250,5173025023,1
MA010120220811968786,517303013025,I210,I21002,C10711,51,51730,51730330,5173033026,1
MA010120220812674905,517504481131,I210,I21002,C10711,51,51750,51750250,5175025021,1
MA010120220804675770,517504481131,I210,I21002,C10711,51,51750,51750250,5175025022,1
MA010120220807370628,517503227034,I210,I21002,C10711,51,51750,51750250,5175025022,1
MA010120220804676162,517503227017,I210,I21002,C10711,51,51750,51750250,5175025024,1
MA010120220803050574,517503227017,I210,I21002,C10711,51,51750,51750312,5175031225,1
MA010120220804676250,517603228029,I210,I21002,C10711,51,51760,51760250,5176025023,1
MA010120220804678284,517604484383,I210,I21002,C10711,51,51760,51760250,5176025023,1
MA010120220804622852,517603228008,I210,I21002,C10711,51,51760,51760330,5176033021,1
MA010120220804638633,517603228004,I210,I21002,C10711,51,51760,51760340,5176034021,1
MA010120220801475898,517603228004,I210,I21002,C10711,51,51760,51760340,5176034021,1
MA0101202301A0091933,517603228004,I210,I21002,C10711,51,51760,51760340,5176034021,1
MA010120220803604610,517604484341,I210,I21002,C10711,51,51760,51760360,5176036021,1
MA010120220804730791,517604484421,I210,I21002,C10711,51,51760,51760380,5176038024,1
MA010120220804676421,517703229007,I210,I21002,C10711,51,51770,51770250,5177025021,1
MA010120220804678883,517704487001,I210,I21002,C10711,51,51770,51770250,5177025021,1
MA010120220804678199,517704487001,I210,I21002,C10711,51,51770,51770250,5177025021,1
MA010120220804709873,517703229007,I210,I21002,C10711,51,51770,51770250,5177025024,1
MA010120220804676237,517703229020,I210,I21002,C10711,51,51770,51770256,5177025622,1
MA010120220804675248,517703013045,I210,I21002,C10711,51,51770,51770259,5177025921,1
MA010120220804676577,517703229008,I210,I21002,C10711,51,51770,51770320,5177032022,1
MA010120220804717001,517703219074,I210,I21002,C10711,51,51770,51770350,5177035025,1
MA010120220805420614,517704487371,I210,I21002,C10711,51,51770,51770360,5177036021,1
MA010120220804679085,517704487370,I210,I21002,C10711,51,51770,51770360,5177036021,1
MA010120220801660397,517804490127,I210,I21002,C10711,51,51780,51780256,5178025625,1
MA010120220801549392,517804490282,I210,I21002,C10711,51,51780,51780259,5178025921,1
MA0101202303A0054149,517804490282,I210,I21002,C10711,51,51780,51780259,5178025921,1
MA010120220801700435,517804490229,I210,I21002,C10711,51,51780,51780310,5178031022,1
MA010120220813729776,517803230014,I210,I21002,C10711,51,51780,51780310,5178031022,1
MA010120220813240546,517904493105,I210,I21002,C10711,51,51790,51790250,5179025022,1
MA0101202311A0090272,517904493058,I210,I21002,C10711,51,51790,51790250,5179025023,1
MA010120220803564461,517904493001,I210,I21002,C10711,51,51790,51790330,5179033027,1
MA010120220804508299,517903000135,I210,I21002,C10711,51,51790,51790340,5179034021,1
MA010120220804520894,518004496063,I210,I21002,C10711,51,51800,51800250,5180025021,1
MA010120220804525988,518004496102,I210,I21002,C10711,51,51800,51800250,5180025021,1
MA010120220804543812,518003232021,I210,I21002,C10711,51,51800,51800250,5180025021,1
MA010120220804051679,518004496102,I210,I21002,C10711,51,51800,51800250,5180025021,1
MA010120220804509436,518004496102,I210,I21002,C10711,51,51800,51800250,5180025021,1
MA010120220804591546,518104499079,I210,I21002,C10711,51,51810,51810250,5181025021,1
MA010120220804591830,518104499162,I210,I21002,C10711,51,51810,51810250,5181025022,1
MA0101202301A0068792,518104499141,I210,I21002,C10711,51,51810,51810320,5181032021,1
MA010120220809368168,518104499027,I210,I21002,C10711,51,51810,51810320,5181032021,1
MA010120220804590704,518103233003,I210,I21002,C10711,51,51810,51810330,5181033021,1
MA010120220806990497,518104499206,I210,I21002,C10711,51,51810,51810340,5181034021,1
MA010120220809666366,518104499225,I210,I21002,C10711,51,51810,51810350,5181035022,1
MA010120220804750827,518204502021,I210,I21002,C10711,51,51820,51820250,5182025022,1
MA010120220804751713,518204502021,I210,I21002,C10711,51,51820,51820250,5182025022,1
MA010120220804757007,518204502019,I210,I21002,C10711,51,51820,51820250,5182025022,1
MA010120220808527858,518204502027,I210,I21002,C10711,51,51820,51820253,5182025321,1
MA010120220804764501,518204502027,I210,I21002,C10711,51,51820,51820253,5182025321,1
MA010120220808031100,518202000023,I210,I21002,C10711,51,51820,51820320,5182032032,1
MA010120220804748386,518203234032,I210,I21002,C10711,51,51820,51820330,5182033031,1
MA010120220804755720,518203234032,I210,I21002,C10711,51,51820,51820330,5182033031,1
MA010120220804750811,518304505038,I210,I21002,C10711,51,51830,51830250,5183025021,1
MA010120220804747977,518304505042,I210,I21002,C10711,51,51830,51830250,5183025021,1
MA010120220805262569,518304505066,I210,I21002,C10711,51,51830,51830310,5183031038,1
MA010120220804780051,511904466130,I201,I20105,C10730,51,51190,51190515,5119010100,1
MA010120220804508077,511103218033,I210,I21002,C10742,51,51110,51110570,5111011700,1
MA010120220809909419,511103218046,I210,I21002,C10742,51,51110,51110650,5111012400,1
MA010120220806958515,511303219060,I210,I21002,C10742,51,51130,51130320,5113032021,1
MA010120220803105530,511303219073,I210,I21002,C10742,51,51130,51130360,5113036021,1
MA010120220804590762,517203225003,I210,I21002,C10742,51,51720,51720352,5172035230,1
MA010120220804593723,517203225034,I210,I21002,C10742,51,51720,51720360,5172036021,1
MA010120220802525112,517203225034,I210,I21002,C10742,51,51720,51720360,5172036021,1
MA0101202308A0090159,517203013022,I210,I21002,C10742,51,51720,51720380,5172038021,1
MA010120220807782698,517503227010,I210,I21002,C10742,51,51750,51750330,5175033021,1
MA010120220804657964,517603228008,I210,I21002,C10742,51,51760,51760330,5176033021,1
MA010120220814243867,517804490261,I210,I21002,C10742,51,51780,51780259,5178025921,1
MA010120220804503021,518003232013,I210,I21002,C10742,51,51800,51800250,5180025021,1
MA010120220804544142,518004496063,I210,I21002,C10742,51,51800,51800250,5180025022,1
MA010120220804517079,518004496089,I210,I21002,C10742,51,51800,51800330,5180033021,1
MA010120220804523880,518004496091,I210,I21002,C10742,51,51800,51800330,5180033021,1
MA010120220800873859,518104499056,P106,P10629,C10743,51,51810,51810350,5181035022,1
MA0101202303A0035407,511304517922,I201,I20102,C10759,51,51130,51130660,5113011500,1
MA010120220808801539,511503220030,I201,I20102,C10759,51,51150,51150645,5115012500,1
MA010120220807384219,511704463197,I201,I20102,C10759,51,51170,51170530,5117010900,1
MA0101202303A0113409,518203234001,I201,I20102,C10759,51,51820,51820250,5182025022,1
MA010120220812239148,518003232019,I201,I20101,C10794,51,51800,51800250,5180025029,1
MA010120220804625582,511303219004,G205,G20508,C10795,51,51130,51130530,5113010500,1
MA010120220804532123,511104454113,G205,G20508,C10796,51,51110,51110545,5111010500,1
MA010120220810495134,511104454662,G205,G20508,C10796,51,51110,51110530,5111011000,1
MA010120220804518168,511103218018,G205,G20508,C10796,51,51110,51110530,5111011000,1
MA010120220804509687,511103218003,G205,G20508,C10796,51,51110,51110630,5111011200,1
MA010120220804504090,511103218004,G205,G20508,C10796,51,51110,51110620,5111011200,1
MA010120220804506201,511104454793,G205,G20508,C10796,51,51110,51110620,5111011200,1
MA010120220804537546,511103218023,G205,G20508,C10796,51,51110,51110580,5111011400,1
MA010120220804505424,511104454502,G205,G20508,C10796,51,51110,51110705,5111011800,1
MA010120220804508168,511104454461,G205,G20508,C10796,51,51110,51110705,5111011800,1
MA010120220809957765,511103013022,G205,G20508,C10796,51,51110,51110705,5111011900,1
MA010120220804545678,511104454821,G205,G20508,C10796,51,51110,51110600,5111012000,1
MA0101202406A0130941,511103218037,G205,G20508,C10796,51,51110,51110600,5111012000,1
MA010120220804544786,511103218021,G205,G20508,C10796,51,51110,51110611,5111012000,1
MA010120220804538259,511104454807,G205,G20508,C10796,51,51110,51110611,5111012000,1
MA010120220804502827,511104454726,G205,G20508,C10796,51,51110,51110675,5111012100,1
MA010120220804514548,511103218036,G205,G20508,C10796,51,51110,51110675,5111012100,1
MA010120220804503208,511104454123,G205,G20508,C10796,51,51110,51110660,5111012300,1
MA010120220804544747,511103218036,G205,G20508,C10796,51,51110,51110660,5111012300,1
MA010120220804537280,511104454651,G205,G20508,C10796,51,51110,51110660,5111012300,1
MA010120220804536293,511104454650,G205,G20508,C10796,51,51110,51110660,5111012300,1
MA010120220804514596,511103218035,G205,G20508,C10796,51,51110,51110660,5111012300,1
MA010120220804504500,511103218003,G205,G20508,C10796,51,51110,51110650,5111012400,1
MA010120220812690190,511104454828,G205,G20508,C10796,51,51110,51110650,5111012400,1
MA010120220804525551,511104454782,G205,G20508,C10796,51,51110,51110650,5111012400,1
MA010120220804513290,511104454583,G205,G20508,C10796,51,51110,51110250,5111025021,1
MA010120220811830718,511104454362,G205,G20508,C10796,51,51110,51110250,5111025022,1
MA0101202303A0060916,511103218010,G205,G20508,C10796,51,51110,51110310,5111031022,1
MA010120220804502522,511104454567,G205,G20508,C10796,51,51110,51110320,5111032022,1
MA010120220804506519,511103013022,G205,G20508,C10796,51,51110,51110360,5111036022,1
MA010120220804503552,511104454694,G205,G20508,C10796,51,51110,51110390,5111039021,1
MA010120220812231343,511104454026,G205,G20508,C10796,51,51110,51110390,5111039021,1
MA010120220804508156,511103350180,G205,G20508,C10796,51,51110,51110400,5111040025,1
MA010120220804625827,511304457618,G205,G20508,C10796,51,51130,51130515,5113010200,1
MA010120220804648964,511304457564,G205,G20508,C10796,51,51130,51130515,5113010200,1
MA010120220804623315,511303219054,G205,G20508,C10796,51,51130,51130520,5113010400,1
MA010120220804646220,511304457028,G205,G20508,C10796,51,51130,51130530,5113010500,1
MA010120220804639774,511304457028,G205,G20508,C10796,51,51130,51130530,5113010500,1
MA010120220804633253,511304457031,G205,G20508,C10796,51,51130,51130530,5113010500,1
MA010120220805564588,511303219013,G205,G20508,C10796,51,51130,51130530,5113010500,1
MA010120220808098151,511303219013,G205,G20508,C10796,51,51130,51130541,5113010600,1
MA010120220804626660,511303219013,G205,G20508,C10796,51,51130,51130541,5113010600,1
MA010120220804625205,511304457131,G205,G20508,C10796,51,51130,51130550,5113010700,1
MA010120220804628397,511303219054,G205,G20508,C10796,51,51130,51130550,5113010700,1
MA010120220804628375,511303219054,G205,G20508,C10796,51,51130,51130550,5113010700,1
MA010120220804810877,511303219012,G205,G20508,C10796,51,51130,51130550,5113010700,1
MA010120220804627465,511304457018,G205,G20508,C10796,51,51130,51130560,5113010800,1
MA010120220804620483,511303219052,G205,G20508,C10796,51,51130,51130560,5113010800,1
MA010120220804647175,511304457510,G205,G20508,C10796,51,51130,51130560,5113010800,1
MA010120220804621846,511303219041,G205,G20508,C10796,51,51130,51130575,5113010900,1
MA010120220801559632,511303219041,G205,G20508,C10796,51,51130,51130575,5113010900,1
MA010120220804628527,511303219052,G205,G20508,C10796,51,51130,51130590,5113011000,1
MA010120220804622112,511303219026,G205,G20508,C10796,51,51130,51130590,5113011000,1
MA010120220804651742,511304457619,G205,G20508,C10796,51,51130,51130590,5113011000,1
MA010120220804629519,511304457505,G205,G20508,C10796,51,51130,51130660,5113011000,1
MA010120220804629396,511304457504,G205,G20508,C10796,51,51130,51130660,5113011000,1
MA010120220804617328,511303219039,G205,G20508,C10796,51,51130,51130600,5113011100,1
MA010120220804624191,511304457330,G205,G20508,C10796,51,51130,51130600,5113011100,1
MA010120220804637663,511304457458,G205,G20508,C10796,51,51130,51130600,5113011100,1
MA010120220804617096,511303219054,G205,G20508,C10796,51,51130,51130610,5113011200,1
MA0101202308A0022733,511303219025,G205,G20508,C10796,51,51130,51130635,5113011300,1
MA010120220804636203,511304457271,G205,G20508,C10796,51,51130,51130635,5113011300,1
MA010120220804623992,511303219040,G205,G20508,C10796,51,51130,51130650,5113011400,1
MA010120220805310385,511303219003,G205,G20508,C10796,51,51130,51130675,5113011600,1
MA010120220804620693,511304457092,G205,G20508,C10796,51,51130,51130675,5113011600,1
MA010120220808551374,511304457223,G205,G20508,C10796,51,51130,51130250,5113025021,1
MA010120220804623193,511303219041,G205,G20508,C10796,51,51130,51130250,5113025021,1
MA010120220804633148,511303219041,G205,G20508,C10796,51,51130,51130250,5113025021,1
MA0101202309A0020041,511303219041,G205,G20508,C10796,51,51130,51130250,5113025026,1
MA010120220808654342,511304457567,G205,G20508,C10796,51,51130,51130250,5113025026,1
MA0101202307A0082370,511304457567,G205,G20508,C10796,51,51130,51130250,5113025026,1
MA010120220804621840,511303219005,G205,G20508,C10796,51,51130,51130250,5113025026,1
MA0101202211A0000709,511304457621,G205,G20508,C10796,51,51130,51130310,5113031021,1
MA010120220804623307,511303219054,G205,G20508,C10796,51,51130,51130310,5113031024,1
MA010120220804638254,511304457501,G205,G20508,C10796,51,51130,51130310,5113031026,1
MA010120220804619561,511303219060,G205,G20508,C10796,51,51130,51130320,5113032021,1
MA010120220804629772,511303219002,G205,G20508,C10796,51,51130,51130330,5113033021,1
MA010120220812786373,511304457515,G205,G20508,C10796,51,51130,51130370,5113037021,1
MA010120220812987891,511304457448,G205,G20508,C10796,51,51130,51130380,5113038022,1
MA010120220806731117,511303219054,G205,G20508,C10796,51,51130,51130390,5113039021,1
MA010120220804709176,511503220052,G205,G20508,C10796,51,51150,51150510,5115010100,1
MA0101202311A0092018,511503000145,G205,G20508,C10796,51,51150,51150520,5115010200,1
MA010120220804697584,511504460103,G205,G20508,C10796,51,51150,51150520,5115010300,1
MA010120220804713925,511503220007,G205,G20508,C10796,51,51150,51150520,5115010600,1
MA010120220810165419,511503220034,G205,G20508,C10796,51,51150,51150520,5115010800,1
MA010120220804705404,511504460700,G205,G20508,C10796,51,51150,51150540,5115010900,1
MA010120220804708932,511503220032,G205,G20508,C10796,51,51150,51150550,5115011000,1
MA010120220810439933,511502220001,G205,G20508,C10796,51,51150,51150572,5115011100,1
MA010120220803438213,511503220001,G205,G20508,C10796,51,51150,51150572,5115011100,1
MA010120220805171594,511504460251,G205,G20508,C10796,51,51150,51150571,5115011100,1
MA010120220812722216,511504460260,G205,G20508,C10796,51,51150,51150571,5115011100,1
MA010120220804705395,511503000145,G205,G20508,C10796,51,51150,51150571,5115011100,1
MA010120220812319328,511503000145,G205,G20508,C10796,51,51150,51150571,5115011100,1
MA010120220804562120,511504460999,G205,G20508,C10796,51,51150,51150572,5115011100,1
MA010120220804713978,511503220055,G205,G20508,C10796,51,51150,51150600,5115011600,1
MA010120220812257372,511504460055,G205,G20508,C10796,51,51150,51150600,5115011600,1
MA010120220804709268,511503220032,G205,G20508,C10796,51,51150,51150615,5115012100,1
MA010120220804705423,511504460308,G205,G20508,C10796,51,51150,51150615,5115012100,1
MA010120220811196804,511504460079,G205,G20508,C10796,51,51150,51150645,5115012500,1
MA010120220803794912,511504460175,G205,G20508,C10796,51,51150,51150645,5115012900,1
MA010120220804715497,511503220040,G205,G20508,C10796,51,51150,51150250,5115025021,1
MA010120220804710117,511504460615,G205,G20508,C10796,51,51150,51150250,5115025021,1
MA010120220804725571,511503220022,G205,G20508,C10796,51,51150,51150250,5115025021,1
MA010120220814251449,511503220039,G205,G20508,C10796,51,51150,51150250,5115025021,1
MA010120220804703819,511504460615,G205,G20508,C10796,51,51150,51150250,5115025022,1
MA010120220804707809,511504460652,G205,G20508,C10796,51,51150,51150250,5115025022,1
MA0101202305A0124035,511503220020,G205,G20508,C10796,51,51150,51150250,5115025022,1
MA010120220810489153,511504460207,G205,G20508,C10796,51,51150,51150310,5115031021,1
MA010120220804696575,511503000145,G205,G20508,C10796,51,51150,51150310,5115031028,1
MA0101202309A0055570,511504461039,G205,G20508,C10796,51,51150,51150350,5115035021,1
MA010120220804731761,511504460529,G205,G20508,C10796,51,51150,51150350,5115035022,1
MA010120220804705443,511504460575,G205,G20508,C10796,51,51150,51150370,5115037021,1
MA010120220803913717,511504460972,G205,G20508,C10796,51,51150,51150370,5115037029,1
MA010120220804559938,511704463068,G205,G20508,C10796,51,51170,51170510,5117010100,1
MA010120220804574667,511704463076,G205,G20508,C10796,51,51170,51170520,5117010300,1
MA010120220800147938,511704463192,G205,G20508,C10796,51,51170,51170530,5117010500,1
MA010120220812914554,511704463192,G205,G20508,C10796,51,51170,51170530,5117010500,1
MA010120220813938280,511704463189,G205,G20508,C10796,51,51170,51170550,5117011100,1
MA010120220804574184,511703221042,G205,G20508,C10796,51,51170,51170630,5117011100,1
MA010120220804557042,511703221018,G205,G20508,C10796,51,51170,51170570,5117011100,1
MA010120220804561690,511704463022,G205,G20508,C10796,51,51170,51170600,5117011200,1
MA010120220804567612,511704463178,G205,G20508,C10796,51,51170,51170600,5117011200,1
MA010120220804558557,511703221032,G205,G20508,C10796,51,51170,51170600,5117011200,1
MA010120220804563566,511704463178,G205,G20508,C10796,51,51170,51170600,5117011300,1
MA010120220804559358,511704463025,G205,G20508,C10796,51,51170,51170600,5117011300,1
MA010120220806691575,511703221032,G205,G20508,C10796,51,51170,51170600,5117011800,1
MA010120220809949717,511703221043,G205,G20508,C10796,51,51170,51170650,5117012600,1
MA010120220804779654,511904466101,G205,G20508,C10796,51,51190,51190515,5119010100,1
MA010120220808286892,511904466102,G205,G20508,C10796,51,51190,51190515,5119010100,1
MA010120220804570431,511904466095,G205,G20508,C10796,51,51190,51190540,5119010100,1
MA010120220804782505,511903013013,G205,G20508,C10796,51,51190,51190540,5119010100,1
MA010120220804781224,511904466045,G205,G20508,C10796,51,51190,51190535,5119010100,1
MA010120220813786711,511903222013,G205,G20508,C10796,51,51190,51190535,5119010100,1
MA010120220803312624,511903222013,G205,G20508,C10796,51,51190,51190525,5119010100,1
MA010120220812687339,511903222013,G205,G20508,C10796,51,51190,51190525,5119010100,1
MA010120220804780634,511904466238,G205,G20508,C10796,51,51190,51190525,5119010100,1
MA0101202409A0179983,511904466231,G205,G20508,C10796,51,51190,51190525,5119010100,1
MA010120220803574621,511903222014,G205,G20508,C10796,51,51190,51190605,5119010200,1
MA010120220804784717,511904466163,G205,G20508,C10796,51,51190,51190595,5119010200,1
MA010120220804566199,511903222014,G205,G20508,C10796,51,51190,51190595,5119010200,1
MA010120220810303110,511904466118,G205,G20508,C10796,51,51190,51190585,5119010700,1
MA010120220804785566,511904466121,G205,G20508,C10796,51,51190,51190525,5119011200,1
MA010120220802320186,512104469220,G205,G20508,C10796,51,51210,51210540,5121010300,1
MA010120220811496968,512103223016,G205,G20508,C10796,51,51210,51210540,5121010300,1
MA010120220804746698,512103223024,G205,G20508,C10796,51,51210,51210560,5121010500,1
MA010120220804753291,512103223024,G205,G20508,C10796,51,51210,51210560,5121010600,1
MA010120220804744878,512104469041,G205,G20508,C10796,51,51210,51210570,5121010600,1
MA010120220804746438,512103223023,G205,G20508,C10796,51,51210,51210560,5121010600,1
MA0101202406A0403947,512104469041,G205,G20508,C10796,51,51210,51210570,5121010600,1
MA010120220804743812,512104469260,G205,G20508,C10796,51,51210,51210580,5121010800,1
MA010120220804748642,512103223015,G205,G20508,C10796,51,51210,51210580,5121010800,1
MA010120220804746619,512104469127,G205,G20508,C10796,51,51210,51210590,5121010800,1
MA010120220804556602,512304472316,G205,G20508,C10796,51,51230,51230510,5123012000,1
MA010120220804562410,512304472318,G205,G20508,C10796,51,51230,51230510,5123012000,1
MA010120220814044259,512304472316,G205,G20508,C10796,51,51230,51230510,5123012000,1
MA010120220804576986,512303224007,G205,G20508,C10796,51,51230,51230250,5123025030,1
MA010120220812945974,512303224007,G205,G20508,C10796,51,51230,51230250,5123025033,1
MA010120220812172524,512303224033,G205,G20508,C10796,51,51230,51230360,5123036024,1
MA010120220804589795,517203225052,G205,G20508,C10796,51,51720,51720250,5172025021,1
MA010120220804597577,517203225048,G205,G20508,C10796,51,51720,51720250,5172025021,1
MA010120220804589794,517203225048,G205,G20508,C10796,51,51720,51720250,5172025021,1
MA010120220804798821,517203225015,G205,G20508,C10796,51,51720,51720250,5172025022,1
MA010120220804589798,517204475645,G205,G20508,C10796,51,51720,51720250,5172025022,1
MA010120220804592945,517203225052,G205,G20508,C10796,51,51720,51720250,5172025022,1
MA010120220804592357,517204475116,G205,G20508,C10796,51,51720,51720250,5172025022,1
MA010120220804591839,517203225055,G205,G20508,C10796,51,51720,51720250,5172025022,1
MA010120220808541622,517203225001,G205,G20508,C10796,51,51720,51720250,5172025024,1
MA010120220804597315,517203225052,G205,G20508,C10796,51,51720,51720250,5172025024,1
MA010120220804590977,517203225035,G205,G20508,C10796,51,51720,51720250,5172025029,1
MA010120220808077425,517203225019,G205,G20508,C10796,51,51720,51720250,5172025029,1
MA010120220804595753,517204475240,G205,G20508,C10796,51,51720,51720250,5172025029,1
MA010120220804594891,517204475475,G205,G20508,C10796,51,51720,51720250,5172025029,1
MA010120220804593280,517204475474,G205,G20508,C10796,51,51720,51720250,5172025029,1
MA010120220806338259,517204475443,G205,G20508,C10796,51,51720,51720310,5172031024,1
MA010120220804593680,517204475113,G205,G20508,C10796,51,51720,51720330,5172033024,1
MA010120220804591799,517203225056,G205,G20508,C10796,51,51720,51720330,5172033024,1
MA010120220804593595,517204475609,G205,G20508,C10796,51,51720,51720340,5172034021,1
MA010120220806355807,517203013017,G205,G20508,C10796,51,51720,51720340,5172034021,1
MA010120220804593654,517203226103,G205,G20508,C10796,51,51720,51720340,5172034021,1
MA010120220804593611,517203013017,G205,G20508,C10796,51,51720,51720340,5172034021,1
MA010120220812635442,517203013017,G205,G20508,C10796,51,51720,51720340,5172034023,1
MA010120220809914289,517203225050,G205,G20508,C10796,51,51720,51720340,5172034026,1
MA010120220803090961,517203225003,G205,G20508,C10796,51,51720,51720352,5172035221,1
MA0101202406A0326695,517203225034,G205,G20508,C10796,51,51720,51720360,5172036021,1
MA010120220803396749,517203013021,G205,G20508,C10796,51,51720,51720360,5172036021,1
MA010120220809819629,517204475420,G205,G20508,C10796,51,51720,51720360,5172036023,1
MA010120220813958867,517203225030,G205,G20508,C10796,51,51720,51720360,5172036024,1
MA010120220804591676,517203225030,G205,G20508,C10796,51,51720,51720360,5172036024,1
MA010120220804050041,517203225052,G205,G20508,C10796,51,51720,51720380,5172038037,1
MA010120220804914067,517203225049,G205,G20508,C10796,51,51720,51720390,5172039021,1
MA010120220804632564,517303226065,G205,G20508,C10796,51,51730,51730250,5173025021,1
MA010120220805801603,517303226065,G205,G20508,C10796,51,51730,51730250,5173025021,1
MA010120220804620299,517303226021,G205,G20508,C10796,51,51730,51730250,5173025021,1
MA010120220810193196,517304478628,G205,G20508,C10796,51,51730,51730250,5173025021,1
MA010120220804629318,517303226021,G205,G20508,C10796,51,51730,51730250,5173025022,1
MA010120220811864601,517303226086,G205,G20508,C10796,51,51730,51730250,5173025022,1
MA010120220804652924,517303226092,G205,G20508,C10796,51,51730,51730250,5173025023,1
MA010120220804626387,517304478063,G205,G20508,C10796,51,51730,51730310,5173031023,1
MA010120220804641022,517303226041,G205,G20508,C10796,51,51730,51730320,5173032021,1
MA010120220813112759,517304478186,G205,G20508,C10796,51,51730,51730330,5173033022,1
MA010120220804647674,517304478188,G205,G20508,C10796,51,51730,51730330,5173033022,1
MA010120220804653784,517304478188,G205,G20508,C10796,51,51730,51730330,5173033022,1
MA010120220804653790,517303226016,G205,G20508,C10796,51,51730,51730330,5173033027,1
MA010120220804641544,517304478541,G205,G20508,C10796,51,51730,51730340,5173034024,1
MA010120220804628764,517304478369,G205,G20508,C10796,51,51730,51730340,5173034031,1
MA010120220804639406,517304478526,G205,G20508,C10796,51,51730,51730350,5173035023,1
MA010120220804645071,517303226078,G205,G20508,C10796,51,51730,51730350,5173035023,1
MA010120220804659859,517303226058,G205,G20508,C10796,51,51730,51730350,5173035024,1
MA010120220804659698,517304478580,G205,G20508,C10796,51,51730,51730360,5173036033,1
MA0101202406A0504979,517303226033,G205,G20508,C10796,51,51730,51730370,5173037021,1
MA010120220807770809,517503227034,G205,G20508,C10796,51,51750,51750250,5175025021,1
MA010120220812515347,517503227034,G205,G20508,C10796,51,51750,51750250,5175025021,1
MA010120220804673794,517503227021,G205,G20508,C10796,51,51750,51750250,5175025021,1
MA010120220804673799,517504481131,G205,G20508,C10796,51,51750,51750250,5175025022,1
MA010120220804677226,517504481056,G205,G20508,C10796,51,51750,51750250,5175025024,1
MA010120220809855840,517503013014,G205,G20508,C10796,51,51750,51750253,5175025321,1
MA010120220804676921,517503227019,G205,G20508,C10796,51,51750,51750360,5175036021,1
MA0101202406A0310155,517503227019,G205,G20508,C10796,51,51750,51750360,5175036021,1
MA0101202406A0506865,517503227019,G205,G20508,C10796,51,51750,51750360,5175036021,1
MA010120220804676859,517503227019,G205,G20508,C10796,51,51750,51750360,5175036021,1
MA010120220810389863,517503000163,G205,G20508,C10796,51,51750,51750360,5175036022,1
MA0101202307A0042700,517503219070,G205,G20508,C10796,51,51750,51750380,5175038025,1
MA0101202406A0364047,517603228029,G205,G20508,C10796,51,51760,51760250,5176025023,1
MA0101202501A0061534,517603228029,G205,G20508,C10796,51,51760,51760250,5176025023,1
MA0101202303A0092614,517603228034,G205,G20508,C10796,51,51760,51760250,5176025023,1
MA010120220804674340,517603013036,G205,G20508,C10796,51,51760,51760250,5176025036,1
MA010120220804680280,517604484144,G205,G20508,C10796,51,51760,51760310,5176031021,1
MA010120220804655707,517604484412,G205,G20508,C10796,51,51760,51760340,5176034021,1
MA010120220804618564,517604484234,G205,G20508,C10796,51,51760,51760340,5176034023,1
MA010120220804730170,517603228025,G205,G20508,C10796,51,51760,51760360,5176036021,1
MA010120220804712779,517604484341,G205,G20508,C10796,51,51760,51760360,5176036021,1
MA010120220804699876,517603228025,G205,G20508,C10796,51,51760,51760360,5176036021,1
MA010120220804909071,517603228007,G205,G20508,C10796,51,51760,51760380,5176038024,1
MA010120220804730939,517604484421,G205,G20508,C10796,51,51760,51760380,5176038024,1
MA010120220813437759,517703229007,G205,G20508,C10796,51,51770,51770250,5177025021,1
MA010120220804680885,517703229023,G205,G20508,C10796,51,51770,51770250,5177025021,1
MA010120220804680870,517703229023,G205,G20508,C10796,51,51770,51770250,5177025021,1
MA0101202406A0433152,517704487147,G205,G20508,C10796,51,51770,51770250,5177025021,1
MA010120220804699688,517703013042,G205,G20508,C10796,51,51770,51770253,5177025321,1
MA0101202406A0286359,517703013045,G205,G20508,C10796,51,51770,51770259,5177025921,1
MA010120220804674333,517703229027,G205,G20508,C10796,51,51770,51770259,5177025923,1
MA010120220804675118,517704487312,G205,G20508,C10796,51,51770,51770320,5177032022,1
MA010120220804674679,517703229026,G205,G20508,C10796,51,51770,51770320,5177032024,1
MA010120220811784842,517704487217,G205,G20508,C10796,51,51770,51770350,5177035025,1
MA010120220804711187,517703219074,G205,G20508,C10796,51,51770,51770350,5177035025,1
MA010120220810125449,517704487219,G205,G20508,C10796,51,51770,51770350,5177035025,1
MA010120220804676252,517704487075,G205,G20508,C10796,51,51770,51770360,5177036027,1
MA0101202306A0032955,517703219074,G205,G20508,C10796,51,51770,51770370,5177037021,1
MA010120220804683914,517704487263,G205,G20508,C10796,51,51770,51770370,5177037021,1
MA010120220809883465,517703219074,G205,G20508,C10796,51,51770,51770370,5177037021,1
MA010120220804674374,517703013007,G205,G20508,C10796,51,51770,51770370,5177037023,1
MA010120220806839519,517703229003,G205,G20508,C10796,51,51770,51770370,5177037025,1
MA010120220811225786,517803230005,G205,G20508,C10796,51,51780,51780250,5178025021,1
MA010120220810025425,517803230007,G205,G20508,C10796,51,51780,51780253,5178025321,1
MA010120220801637381,517804490140,G205,G20508,C10796,51,51780,51780256,5178025621,1
MA010120220801655608,517803000136,G205,G20508,C10796,51,51780,51780256,5178025623,1
MA010120220801639177,517803000136,G205,G20508,C10796,51,51780,51780256,5178025625,1
MA010120220810438975,517804490076,G205,G20508,C10796,51,51780,51780256,5178025626,1
MA010120220801711091,517803230010,G205,G20508,C10796,51,51780,51780256,5178025626,1
MA010120220801667712,517803230030,G205,G20508,C10796,51,51780,51780259,5178025921,1
MA010120220801636933,517803230030,G205,G20508,C10796,51,51780,51780259,5178025921,1
MA010120220808540554,517803230030,G205,G20508,C10796,51,51780,51780259,5178025921,1
MA010120220808100066,517804490033,G205,G20508,C10796,51,51780,51780259,5178025921,1
MA010120220801706098,517804490096,G205,G20508,C10796,51,51780,51780259,5178025921,1
MA010120220813659018,517803230034,G205,G20508,C10796,51,51780,51780259,5178025923,1
MA010120220805831424,517803230006,G205,G20508,C10796,51,51780,51780259,5178025924,1
MA010120220808787246,517803230023,G205,G20508,C10796,51,51780,51780310,5178031022,1
MA010120220801663191,517804490229,G205,G20508,C10796,51,51780,51780310,5178031022,1
MA010120220801684450,517804490226,G205,G20508,C10796,51,51780,51780310,5178031022,1
MA010120220804521440,517903231023,G205,G20508,C10796,51,51790,51790250,5179025022,1
MA010120220804515320,517904493109,G205,G20508,C10796,51,51790,51790250,5179025022,1
MA010120220810595255,517903231010,G205,G20508,C10796,51,51790,51790250,5179025024,1
MA010120220804513374,517904493063,G205,G20508,C10796,51,51790,51790310,5179031027,1
MA010120220804502013,517903013004,G205,G20508,C10796,51,51790,51790320,5179032028,1
MA010120220810275889,517903013022,G205,G20508,C10796,51,51790,51790330,5179033028,1
MA010120220804543247,517904493075,G205,G20508,C10796,51,51790,51790340,5179034021,1
MA010120220808539594,517904493037,G205,G20508,C10796,51,51790,51790340,5179034021,1
MA010120220805220804,517904493029,G205,G20508,C10796,51,51790,51790340,5179034022,2
MA010120220804512498,518004496063,G205,G20508,C10796,51,51800,51800250,5180025021,1
MA010120220804509000,518003232021,G205,G20508,C10796,51,51800,51800250,5180025021,1
MA010120220804543895,518004496081,G205,G20508,C10796,51,51800,51800250,5180025021,1
MA010120220804507910,518003232017,G205,G20508,C10796,51,51800,51800250,5180025021,1
MA010120220803184478,518003232006,G205,G20508,C10796,51,51800,51800250,5180025032,1
MA010120220811225801,518003232024,G205,G20508,C10796,51,51800,51800250,5180025032,1
MA010120220803509289,518003232022,G205,G20508,C10796,51,51800,51800250,5180025036,1
MA010120220804475593,518003232025,G205,G20508,C10796,51,51800,51800250,5180025038,1
MA010120220810019035,518004496087,G205,G20508,C10796,51,51800,51800330,5180033021,1
MA010120220804510657,518004496125,G205,G20508,C10796,51,51800,51800340,5180034021,1
MA010120220804590196,518103233026,G205,G20508,C10796,51,51810,51810250,5181025021,1
MA010120220804590959,518103233020,G205,G20508,C10796,51,51810,51810250,5181025021,1
MA010120220804599313,518103233027,G205,G20508,C10796,51,51810,51810250,5181025023,1
MA010120220804598522,518103233020,G205,G20508,C10796,51,51810,51810250,5181025023,1
MA010120220813700514,518104499103,G205,G20508,C10796,51,51810,51810310,5181031021,1
MA010120220804592845,518104499105,G205,G20508,C10796,51,51810,51810310,5181031021,1
MA010120220804592151,518103233016,G205,G20508,C10796,51,51810,51810310,5181031021,1
MA0101202308A0050547,518103233016,G205,G20508,C10796,51,51810,51810310,5181031021,1
MA010120220804596864,518103233016,G205,G20508,C10796,51,51810,51810310,5181031021,1
MA010120220811745285,518103000146,G205,G20508,C10796,51,51810,51810310,5181031021,1
MA010120220806354803,518104499101,G205,G20508,C10796,51,51810,51810310,5181031024,1
MA010120220804599565,518104855329,G205,G20508,C10796,51,51810,51810310,5181031027,1
MA010120220804593080,518103233015,G205,G20508,C10796,51,51810,51810310,5181031032,1
MA010120220804591622,518103233015,G205,G20508,C10796,51,51810,51810310,5181031032,1
MA010120220809933478,518103233019,G205,G20508,C10796,51,51810,51810320,5181032021,1
MA010120220804594282,518103233019,G205,G20508,C10796,51,51810,51810320,5181032021,1
MA010120220804596025,518103233019,G205,G20508,C10796,51,51810,51810320,5181032021,1
MA010120220804595107,518103000121,G205,G20508,C10796,51,51810,51810320,5181032022,1
MA010120220804597871,518104499211,G205,G20508,C10796,51,51810,51810320,5181032022,1
MA010120220805642776,518104499218,G205,G20508,C10796,51,51810,51810320,5181032023,1
MA010120220804595567,518104502407,G205,G20508,C10796,51,51810,51810320,5181032024,1
MA010120220804597421,518103223023,G205,G20508,C10796,51,51810,51810320,5181032024,1
MA010120220808794321,518103013018,G205,G20508,C10796,51,51810,51810330,5181033021,1
MA010120220813293528,518103013018,G205,G20508,C10796,51,51810,51810350,5181035021,1
MA010120220806542732,518103013018,G205,G20508,C10796,51,51810,51810350,5181035023,1
MA010120220807824558,518204502021,G205,G20508,C10796,51,51820,51820250,5182025022,1
MA010120220804756385,518204502073,G205,G20508,C10796,51,51820,51820250,5182025030,1
MA010120220804748315,518204502049,G205,G20508,C10796,51,51820,51820250,5182025030,2
MA010120220806802646,518203013059,G205,G20508,C10796,51,51820,51820250,5182025032,1
MA0101202311A0010837,518204502027,G205,G20508,C10796,51,51820,51820253,5182025321,1
MA010120220813444789,518304505038,G205,G20508,C10796,51,51830,51830250,5183025021,1
MA010120220806763597,518304505042,G205,G20508,C10796,51,51830,51830250,5183025021,1
MA010120220804767286,518304505042,G205,G20508,C10796,51,51830,51830250,5183025021,1
MA010120220804744019,518303235010,G205,G20508,C10796,51,51830,51830250,5183025032,1
MA010120220804744564,518304505157,G205,G20508,C10796,51,51830,51830310,5183031029,1
MA010120220804768713,518303235008,G205,G20508,C10796,51,51830,51830350,5183035024,1
MA010120220804519972,511103218033,M114,M11401,C18111,51,51110,51110545,5111010500,1
MA010120220804552996,511104454758,M114,M11401,C18111,51,51110,51110580,5111010700,1
MA010120220804503282,511103218018,M114,M11401,C18111,51,51110,51110530,5111010800,1
MA010120220804533752,511103218018,M114,M11401,C18111,51,51110,51110530,5111010800,1
MA010120220804535324,511103218018,M114,M11401,C18111,51,51110,51110530,5111010800,1
MA010120220804503038,511104454560,M114,M11401,C18111,51,51110,51110530,5111011000,1
MA010120220804516253,511103218018,M114,M11401,C18111,51,51110,51110530,5111011000,1
MA010120220804503305,511103218018,M114,M11401,C18111,51,51110,51110530,5111011000,1
MA010120220812973769,511103218046,M114,M11401,C18111,51,51110,51110630,5111011200,1
MA010120220814203300,511103218046,M114,M11401,C18111,51,51110,51110630,5111011200,1
MA010120220813263947,511103218018,M114,M11401,C18111,51,51110,51110630,5111011200,1
MA010120220804514844,511103218018,M114,M11401,C18111,51,51110,51110640,5111011200,1
MA010120220804502227,511103218018,M114,M11401,C18111,51,51110,51110640,5111011200,1
MA010120220804521754,511103218018,M114,M11401,C18111,51,51110,51110640,5111011200,1
MA010120220804501795,511103218047,M114,M11401,C18111,51,51110,51110620,5111011200,1
MA010120220804503682,511104454779,M114,M11401,C18111,51,51110,51110620,5111011200,1
MA010120220804520645,511103218037,M114,M11401,C18111,51,51110,51110640,5111011200,1
MA010120220804521733,511104454669,M114,M11401,C18111,51,51110,51110640,5111011200,1
MA010120220804538692,511104454141,M114,M11401,C18111,51,51110,51110570,5111011300,1
MA010120220806862368,511103218018,M114,M11401,C18111,51,51110,51110580,5111011400,1
MA0101202502A0041623,511103218018,M114,M11401,C18111,51,51110,51110580,5111011400,1
MA010120220804505447,511103013022,M114,M11401,C18111,51,51110,51110705,5111011900,1
MA0101202406A0491164,511103218002,M114,M11401,C18111,51,51110,51110600,5111012000,1
MA010120220805503836,511104454822,M114,M11401,C18111,51,51110,51110600,5111012000,1
MA010120220804515775,511103218048,M114,M11401,C18111,51,51110,51110611,5111012000,1
MA010120220804534404,511104454669,M114,M11401,C18111,51,51110,51110520,5111012200,1
MA010120220804509133,511104454066,M114,M11401,C18111,51,51110,51110520,5111012200,1
MA010120220804528358,511104454070,M114,M11401,C18111,51,51110,51110520,5111012200,1
MA010120220804509251,511104454070,M114,M11401,C18111,51,51110,51110520,5111012200,1
MA010120220804523922,511103218045,M114,M11401,C18111,51,51110,51110660,5111012300,1
MA010120220809783570,511104454653,M114,M11401,C18111,51,51110,51110660,5111012300,1
MA010120220804521055,511104454278,M114,M11401,C18111,51,51110,51110650,5111012400,1
MA010120220804514159,511104454473,M114,M11401,C18111,51,51110,51110650,5111012400,1
MA010120220812560578,511104454718,M114,M11401,C18111,51,51110,51110675,5111012600,1
MA010120220812421018,511104454602,M114,M11401,C18111,51,51110,51110310,5111031023,1
MA0101202307A0059034,511104454584,M114,M11401,C18111,51,51110,51110350,5111035030,1
MA010120220804618429,511303219052,M114,M11401,C18111,51,51130,51130515,5113010100,1
MA0101202308A0072478,511303219056,M114,M11401,C18111,51,51130,51130515,5113010100,1
MA010120220804616942,511303219043,M114,M11401,C18111,51,51130,51130515,5113010100,1
MA010120220802055076,511303219066,M114,M11401,C18111,51,51130,51130515,5113010100,1
MA010120220804618393,511303219066,M114,M11401,C18111,51,51130,51130520,5113010400,1
MA010120220804621389,511303219058,M114,M11401,C18111,51,51130,51130530,5113010500,1
MA010120220804635959,511304457063,M114,M11401,C18111,51,51130,51130541,5113010600,1
MA010120220814214185,511304457102,M114,M11401,C18111,51,51130,51130542,5113010600,1
MA010120220802937844,511304457102,M114,M11401,C18111,51,51130,51130542,5113010600,1
MA0101202406A0067675,511303219054,M114,M11401,C18111,51,51130,51130550,5113010700,1
MA010120220804630249,511303219044,M114,M11401,C18111,51,51130,51130560,5113010800,1
MA010120220808777183,511303219052,M114,M11401,C18111,51,51130,51130560,5113010800,1
MA010120220804617555,511303219026,M114,M11401,C18111,51,51130,51130590,5113011000,1
MA010120220804629298,511304457284,M114,M11401,C18111,51,51130,51130590,5113011000,1
MA010120220804631942,511304457619,M114,M11401,C18111,51,51130,51130590,5113011000,1
MA010120220804641329,511304457507,M114,M11401,C18111,51,51130,51130660,5113011000,1
MA010120220804619496,511304457505,M114,M11401,C18111,51,51130,51130660,5113011000,1
MA010120220813441090,511304457502,M114,M11401,C18111,51,51130,51130660,5113011000,1
MA010120220804618546,511304457330,M114,M11401,C18111,51,51130,51130600,5113011100,1
MA010120220804625237,511304457285,M114,M11401,C18111,51,51130,51130600,5113011100,1
MA010120220804632768,511304457458,M114,M11401,C18111,51,51130,51130600,5113011100,1
MA0101202209A0077536,511304858540,M114,M11401,C18111,51,51130,51130620,5113011200,1
MA010120220804625027,511303219040,M114,M11401,C18111,51,51130,51130650,5113011400,1
MA0101202310A0051489,511303219082,M114,M11401,C18111,51,51130,51130675,5113011700,1
MA010120220808632041,511303219084,M114,M11401,C18111,51,51130,51130675,5113011700,1
MA010120220814326420,511303219088,M114,M11401,C18111,51,51130,51130675,5113011700,1
MA010120220806607215,511303351211,M114,M11401,C18111,51,51130,51130675,5113011700,1
MA010120220806721744,511303219088,M114,M11401,C18111,51,51130,51130675,5113011700,1
MA010120220804648935,511303219065,M114,M11401,C18111,51,51130,51130250,5113025026,1
MA0101202305A0134674,511304457696,M114,M11401,C18111,51,51130,51130370,5113037022,1
MA010120220804652069,511304457439,M114,M11401,C18111,51,51130,51130380,5113038022,1
MA010120220809655950,511504460261,M114,M11401,C18111,51,51150,51150520,5115010200,1
MA010120220804702789,511503000145,M114,M11401,C18111,51,51150,51150520,5115010300,1
MA010120220804703873,511503000145,M114,M11401,C18111,51,51150,51150520,5115010400,1
MA010120220804709577,511503000145,M114,M11401,C18111,51,51150,51150520,5115010400,1
MA010120220804507010,511504460841,M114,M11401,C18111,51,51150,51150520,5115010500,1
MA010120220804700174,511503220034,M114,M11401,C18111,51,51150,51150520,5115010700,1
MA010120220804704793,511503220023,M114,M11401,C18111,51,51150,51150540,5115010900,1
MA010120220804704406,511504460968,M114,M11401,C18111,51,51150,51150540,5115010900,1
MA010120220802687788,511504460906,M114,M11401,C18111,51,51150,51150540,5115010900,1
MA010120220804712933,511504460906,M114,M11401,C18111,51,51150,51150540,5115010900,1
MA010120220804700628,511504460159,M114,M11401,C18111,51,51150,51150560,5115011000,1
MA010120220804700111,511504460254,M114,M11401,C18111,51,51150,51150571,5115011100,1
MA010120220804707630,511504460254,M114,M11401,C18111,51,51150,51150571,5115011100,1
MA010120220804699098,511504460257,M114,M11401,C18111,51,51150,51150571,5115011100,1
MA010120220804708463,511503220017,M114,M11401,C18111,51,51150,51150571,5115011100,1
MA010120220804700304,511503220017,M114,M11401,C18111,51,51150,51150571,5115011100,1
MA010120220804738765,511504460195,M114,M11401,C18111,51,51150,51150600,5115011600,1
MA010120220804704797,511503220013,M114,M11401,C18111,51,51150,51150615,5115011800,1
MA010120220804724817,511503220039,M114,M11401,C18111,51,51150,51150250,5115025021,1
MA010120220804725556,511503220039,M114,M11401,C18111,51,51150,51150250,5115025021,1
MA010120220804562689,511703221044,M114,M11401,C18111,51,51170,51170510,5117010100,1
MA010120220804563647,511703221040,M114,M11401,C18111,51,51170,51170510,5117010100,1
MA010120220804561671,511703221040,M114,M11401,C18111,51,51170,51170510,5117010100,1
MA010120220804558358,511703221044,M114,M11401,C18111,51,51170,51170510,5117010100,1
MA010120220804562114,511704463213,M114,M11401,C18111,51,51170,51170510,5117010200,1
MA010120220804563988,511704463079,M114,M11401,C18111,51,51170,51170520,5117010300,1
MA010120220812723521,511704463123,M114,M11401,C18111,51,51170,51170570,5117011100,1
MA010120220804560692,511703221018,M114,M11401,C18111,51,51170,51170550,5117011100,1
MA010120220804569839,511703221018,M114,M11401,C18111,51,51170,51170630,5117011100,1
MA010120220804575178,511703221018,M114,M11401,C18111,51,51170,51170550,5117011100,1
MA010120220804559051,511703221032,M114,M11401,C18111,51,51170,51170600,5117011200,1
MA0101202406A0068514,511903222013,M114,M11401,C18111,51,51190,51190515,5119010100,1
MA010120220804784653,511903222014,M114,M11401,C18111,51,51190,51190595,5119010200,1
MA010120220804559544,512303223002,M114,M11401,C18111,51,51230,51230530,5123010600,1
MA010120220804558379,512303224030,M114,M11401,C18111,51,51230,51230510,5123012000,1
MA010120220804567075,512303224007,M114,M11401,C18111,51,51230,51230250,5123025030,1
MA010120220804576529,512304472093,M114,M11401,C18111,51,51230,51230250,5123025030,1
MA010120220809767952,517203225007,M114,M11401,C18111,51,51720,51720250,5172025022,1
MA010120220809363585,517303226080,M114,M11401,C18111,51,51730,51730250,5173025022,1
MA010120220801062377,517303351158,M114,M11401,C18111,51,51730,51730310,5173031024,1
MA010120220800330487,517304478493,M114,M11401,C18111,51,51730,51730350,5173035028,1
MA010120220804675878,517504481171,M114,M11401,C18111,51,51750,51750250,5175025021,1
MA010120220804673714,517504481240,M114,M11401,C18111,51,51750,51750250,5175025022,1
MA010120220812502644,517604484384,M114,M11401,C18111,51,51760,51760250,5176025023,1
MA010120220808731180,517604484068,M114,M11401,C18111,51,51760,51760250,5176025044,1
MA010120220804678338,517704487019,M114,M11401,C18111,51,51770,51770253,5177025321,1
MA010120220803279067,517703229008,M114,M11401,C18111,51,51770,51770320,5177032022,1
MA010120220803339172,517703229008,M114,M11401,C18111,51,51770,51770320,5177032022,1
MA0101202406A0325354,517804490234,M114,M11401,C18111,51,51780,51780310,5178031022,1
MA010120220804512378,517903231011,M114,M11401,C18111,51,51790,51790250,5179025022,1
MA010120220804543809,518004496006,M114,M11401,C18111,51,51800,51800250,5180025022,1
MA010120220804503220,518003232017,M114,M11401,C18111,51,51800,51800250,5180025022,1
MA0101202406A0429104,518304505027,M114,M11401,C18111,51,51830,51830250,5183025021,1
MA010120220804767756,518304505027,M114,M11401,C18111,51,51830,51830250,5183025021,1
MA010120220804747528,518304505027,M114,M11401,C18111,51,51830,51830250,5183025021,1
MA010120220804745982,518303235016,M114,M11401,C18111,51,51830,51830250,5183025021,1
MA010120220804524693,511104454477,P106,P10629,C23221,51,51110,51110545,5111011100,1
MA010120220804719058,511503220016,G202,G20202,C30202,51,51150,51150645,5115012500,1
MA010120220804502084,511104454381,M114,M11401,C33910,51,51110,51110580,5111010200,1
MA010120220809864051,511104454380,M114,M11401,C33910,51,51110,51110580,5111010200,1
MA010120220810413698,511104454113,M114,M11401,C33910,51,51110,51110580,5111010300,1
MA010120220804503801,511104454113,M114,M11401,C33910,51,51110,51110545,5111010500,1
MA010120220804521155,511104454113,M114,M11401,C33910,51,51110,51110545,5111010500,1
MA010120220804508287,511104454176,M114,M11401,C33910,51,51110,51110640,5111011200,1
MA010120220802168426,511104454162,M114,M11401,C33910,51,51110,51110630,5111011200,1
MA010120220804504747,511104454800,M114,M11401,C33910,51,51110,51110630,5111011200,1
MA010120220804518116,511104454014,M114,M11401,C33910,51,51110,51110630,5111011200,1
MA010120220804514153,511103218003,M114,M11401,C33910,51,51110,51110630,5111011200,1
MA010120220804507974,511104454426,M114,M11401,C33910,51,51110,51110630,5111011200,1
MA010120220804519345,511103218004,M114,M11401,C33910,51,51110,51110620,5111011200,1
MA010120220804517416,511104454779,M114,M11401,C33910,51,51110,51110620,5111011200,1
MA010120220804506740,511103218047,M114,M11401,C33910,51,51110,51110630,5111011200,1
MA010120220804503990,511103218047,M114,M11401,C33910,51,51110,51110630,5111011200,1
MA010120220804508240,511103218047,M114,M11401,C33910,51,51110,51110620,5111011200,1
MA010120220804506765,511104454120,M114,M11401,C33910,51,51110,51110630,5111011200,1
MA010120220804504698,511103218020,M114,M11401,C33910,51,51110,51110640,5111011200,1
MA010120220804526678,511104454403,M114,M11401,C33910,51,51110,51110640,5111011200,1
MA010120220804551100,511103218049,M114,M11401,C33910,51,51110,51110570,5111011300,1
MA010120220804512526,511103218023,M114,M11401,C33910,51,51110,51110580,5111011400,1
MA010120220804550908,511103218033,M114,M11401,C33910,51,51110,51110580,5111011600,1
MA010120220804501638,511103218033,M114,M11401,C33910,51,51110,51110570,5111011700,1
MA010120220814374416,511103218033,M114,M11401,C33910,51,51110,51110570,5111011700,1
MA010120220804781391,511104454538,M114,M11401,C33910,51,51110,51110705,5111011800,1
MA010120220804513176,511104454181,M114,M11401,C33910,51,51110,51110600,5111012000,1
MA010120220809753893,511103218002,M114,M11401,C33910,51,51110,51110600,5111012000,1
MA010120220804524930,511103218002,M114,M11401,C33910,51,51110,51110600,5111012000,1
MA0101202212A0041347,511104454822,M114,M11401,C33910,51,51110,51110600,5111012000,1
MA010120220804521368,511104454827,M114,M11401,C33910,51,51110,51110600,5111012000,1
MA0101202409A0181608,511104454827,M114,M11401,C33910,51,51110,51110600,5111012000,1
MA010120220804522002,511104454804,M114,M11401,C33910,51,51110,51110610,5111012000,1
MA010120220804511554,511103218048,M114,M11401,C33910,51,51110,51110610,5111012000,1
MA010120220804519195,511104454807,M114,M11401,C33910,51,51110,51110611,5111012000,1
MA010120220804535777,511104454705,M114,M11401,C33910,51,51110,51110675,5111012100,1
MA010120220804523168,511104454712,M114,M11401,C33910,51,51110,51110675,5111012100,1
MA010120220804510642,511104454657,M114,M11401,C33910,51,51110,51110675,5111012100,1
MA010120220804503054,511104454069,M114,M11401,C33910,51,51110,51110520,5111012200,1
MA010120220804512165,511104454669,M114,M11401,C33910,51,51110,51110520,5111012200,1
MA010120220804504662,511103218017,M114,M11401,C33910,51,51110,51110520,5111012200,1
MA010120220806837963,511104454837,M114,M11401,C33910,51,51110,51110660,5111012300,1
MA0101202406A0527613,511104454837,M114,M11401,C33910,51,51110,51110660,5111012300,1
MA010120220812167642,511104454848,M114,M11401,C33910,51,51110,51110660,5111012300,1
MA010120220804508209,511104454838,M114,M11401,C33910,51,51110,51110660,5111012300,1
MA010120220804551227,511104454838,M114,M11401,C33910,51,51110,51110660,5111012300,1
MA010120220804550735,511104454838,M114,M11401,C33910,51,51110,51110660,5111012300,1
MA010120220804549550,511104454838,M114,M11401,C33910,51,51110,51110660,5111012300,1
MA010120220810374068,511104454837,M114,M11401,C33910,51,51110,51110660,5111012300,1
MA010120220804513553,511104454705,M114,M11401,C33910,51,51110,51110660,5111012300,1
MA010120220804508468,511104454842,M114,M11401,C33910,51,51110,51110660,5111012300,1
MA010120220804514925,511103218029,M114,M11401,C33910,51,51110,51110660,5111012300,1
MA010120220804513924,511104454784,M114,M11401,C33910,51,51110,51110650,5111012400,1
MA010120220804505917,511104454473,M114,M11401,C33910,51,51110,51110650,5111012400,1
MA010120220804756715,511104454472,M114,M11401,C33910,51,51110,51110650,5111012400,1
MA010120220804518133,511104454439,M114,M11401,C33910,51,51110,51110650,5111012400,1
MA010120220804512924,511104454442,M114,M11401,C33910,51,51110,51110650,5111012400,1
MA0101202307A0021732,511104454719,M114,M11401,C33910,51,51110,51110675,5111012600,1
MA010120220809744110,511103218025,M114,M11401,C33910,51,51110,51110705,5111012800,1
MA010120220804549124,511103013022,M114,M11401,C33910,51,51110,51110705,5111012800,1
MA010120220804504480,511103013022,M114,M11401,C33910,51,51110,51110705,5111012800,1
MA010120220804509289,511104454583,M114,M11401,C33910,51,51110,51110250,5111025021,1
MA010120220804510487,511104454232,M114,M11401,C33910,51,51110,51110250,5111025023,1
MA010120220808430158,511104454232,M114,M11401,C33910,51,51110,51110250,5111025023,1
MA010120220804511948,511103218001,M114,M11401,C33910,51,51110,51110310,5111031021,1
MA010120220804506911,511104454094,M114,M11401,C33910,51,51110,51110310,5111031022,1
MA010120220804538470,511103218005,M114,M11401,C33910,51,51110,51110310,5111031022,1
MA010120220804549866,511103218038,M114,M11401,C33910,51,51110,51110310,5111031022,1
MA010120220804528259,511104454189,M114,M11401,C33910,51,51110,51110310,5111031022,1
MA010120220812886009,511104454189,M114,M11401,C33910,51,51110,51110310,5111031022,1
MA010120220810598924,511104454744,M114,M11401,C33910,51,51110,51110310,5111031023,1
MA010120220804503913,511104454251,M114,M11401,C33910,51,51110,51110310,5111031023,1
MA010120220804512528,511104454038,M114,M11401,C33910,51,51110,51110310,5111031023,1
MA010120220804507333,511104454744,M114,M11401,C33910,51,51110,51110310,5111031023,1
MA010120220804628802,511103218001,M114,M11401,C33910,51,51110,51110310,5111031024,1
MA0101202209A0023040,511104454567,M114,M11401,C33910,51,51110,51110320,5111032022,1
MA010120220804518087,511104454567,M114,M11401,C33910,51,51110,51110320,5111032022,1
MA010120220804517830,511104454612,M114,M11401,C33910,51,51110,51110330,5111033025,1
MA010120220804549569,511103218005,M114,M11401,C33910,51,51110,51110390,5111039021,1
MA0101202406A0387147,511102218001,M114,M11401,C33910,51,51110,51110390,5111039021,1
MA010120220804545846,511104454026,M114,M11401,C33910,51,51110,51110390,5111039021,1
MA010120220804505331,511104454025,M114,M11401,C33910,51,51110,51110390,5111039021,1
MA010120220804513592,511104454767,M114,M11401,C33910,51,51110,51110390,5111039022,1
MA010120220804504504,511103218008,M114,M11401,C33910,51,51110,51110390,5111039022,1